query_id,AP_vec,AP_bm25,diff
145,0.5899404462940374,0.1616079995216477,-0.4283324467723897
77,0.5447751322751323,0.1855824201025439,-0.3591927121725884
178,0.4754901960784313,0.1826970443349753,-0.292793151743456
191,0.6323045177797854,0.3612078116526635,-0.27109670612712183
144,0.6688492063492064,0.4135327635327635,-0.2553164428164429
17,0.509090909090909,0.2565789473684211,-0.25251196172248797
146,0.8333333333333333,0.5833333333333333,-0.25
148,0.4140586271250692,0.1888437950937951,-0.2252148320312741
95,0.5138888888888888,0.3269230769230769,-0.1869658119658119
14,0.25,0.0709401709401709,-0.1790598290598291
86,0.75,0.5833333333333333,-0.16666666666666674
102,0.5189276331502269,0.3752480158730158,-0.14367961727721112
49,0.2549261083743842,0.1120481927710843,-0.14287791560329988
92,0.6218607375229953,0.4798472990300904,-0.14201343849290493
110,0.2873244810744811,0.1497492203137364,-0.13757526076074472
65,0.3694131470422682,0.2350352585366145,-0.1343778885056537
67,0.6355041826150073,0.5033349960861789,-0.13216918652882836
21,0.18044244249828,0.0561924555287387,-0.12424998696954132
24,0.4747474747474747,0.3537414965986394,-0.12100597814883529
168,0.238095238095238,0.1203703703703703,-0.1177248677248677
43,0.6443602693602694,0.5272087002609263,-0.1171515690993431
130,0.5365384615384615,0.4267884322678842,-0.10975002927057731
88,0.7579365079365079,0.6496031746031746,-0.10833333333333328
6,0.2747212931995541,0.1731573802541544,-0.10156391294539968
202,0.2892349943140043,0.197787315118916,-0.09144767919508828
58,0.1689354387007665,0.0853627500697908,-0.0835726886309757
174,0.1678962614637187,0.0929410765610261,-0.0749551849026926
39,0.1914418202213951,0.1168257980449673,-0.07461602217642781
197,0.8095238095238094,0.7380952380952381,-0.07142857142857129
183,0.6235455721309866,0.5536907613297404,-0.06985481080124623
137,0.2519230769230769,0.1823660714285714,-0.06955700549450552
219,0.1051318483533728,0.0379311674080269,-0.0672006809453459
82,0.3867082590612002,0.3213637274950879,-0.06534453156611231
101,0.7402777777777777,0.6763888888888889,-0.06388888888888877
37,0.138410619050308,0.0763106037841969,-0.062100015266111086
66,0.1535799168152109,0.0936512731312433,-0.05992864368396761
34,0.321506734006734,0.2632961945461945,-0.0582105394605395
99,0.2941593352883676,0.237892904197252,-0.056266431091115565
52,0.3988095238095238,0.346565934065934,-0.05224358974358978
209,0.1842724201078985,0.1332240003127584,-0.051048419795140076
59,0.2038027968036529,0.1569956477214542,-0.04680714908219871
210,0.3869522543059778,0.3424554781262098,-0.044496776179767994
1,0.2304897466025998,0.19067251583949,-0.03981723076310981
42,0.2231291025590833,0.1839643507676294,-0.0391647517914539
177,0.7642857142857142,0.7251948051948053,-0.039090909090908954
75,0.0590863607936778,0.0224666460871191,-0.0366197147065587
204,0.0789610565130378,0.0429615644813995,-0.0359994920316383
120,0.4560078647797945,0.4236748272724401,-0.03233303750735439
221,0.1649140258692956,0.1361625251828828,-0.0287515006864128
212,0.5421307606713162,0.5136482382720524,-0.028482522399263743
155,0.2703972252788507,0.2421856657701915,-0.028211559508659195
80,0.0449194730671243,0.017150890456517,-0.0277685826106073
114,0.0966138647196292,0.0692198368111289,-0.027394027908500304
60,0.5050133913625711,0.4796059113300492,-0.025407480032521856
45,0.205279426713791,0.180098003249821,-0.02518142346397001
159,0.1062267721900484,0.0821893615739869,-0.024037410616061503
41,0.8333333333333334,0.8095238095238094,-0.023809523809523947
57,0.0987304475883551,0.0752560543642615,-0.0234743932240936
127,0.143640059667273,0.1221591242001387,-0.021480935467134296
186,0.2358544802494873,0.2144865095899603,-0.021367970659527002
121,0.5279332736229289,0.5078671328671328,-0.020066140755796047
163,0.2857777777777777,0.2657210401891253,-0.020056737588652396
4,0.5476190476190477,0.5277777777777778,-0.019841269841269882
16,0.2193287037037037,0.1995269147167881,-0.01980178898691559
61,0.5730360934182591,0.5532828282828283,-0.019753265135430853
90,0.2070352896930569,0.1914997582046851,-0.015535531488371807
26,0.2542665935959516,0.2388847979054164,-0.015381795690535216
8,0.1847275515679487,0.1694948822265822,-0.015232669341366495
111,0.2534299034299034,0.2385141980088649,-0.014915705421038511
23,0.2240843749237508,0.2092766086310733,-0.014807766292677493
3,0.6725053232675184,0.6588010204081634,-0.013704302859355089
69,0.0597468814586571,0.0476043388915844,-0.0121425425670727
211,0.132598388861635,0.1213224390641607,-0.011275949797474302
32,0.0227571402141568,0.0134276473394006,-0.009329492874756198
125,0.2840233215936478,0.2750882571700648,-0.008935064423582995
10,0.2395492867798381,0.2308740396087665,-0.008675247171071598
94,0.4696785369923951,0.4628836657053778,-0.006794871287017279
62,0.039212427687645,0.0324637934545347,-0.006748634233110298
116,0.0399290106434162,0.0334212171733038,-0.006507793470112405
135,0.6176205738705738,0.6111645299145299,-0.006456043956043933
157,0.2529319594866778,0.2475646086448205,-0.005367350841857299
123,0.1009615384615384,0.0958333333333333,-0.005128205128205096
128,0.0253763440860215,0.0202637889688249,-0.005112555117196601
35,0.0294447820221016,0.0250652783859614,-0.004379503636140199
117,0.0616666666666666,0.0584415584415584,-0.0032251082251082003
30,0.048800830604143,0.0463979521045789,-0.0024028784995641025
87,0.0157811410802993,0.0134487947829113,-0.0023323462973880004
196,0.1934893240100146,0.1913231960461746,-0.0021661279638399977
207,0.0097756069129603,0.0076293960418222,-0.0021462108711381
152,0.0118141236345721,0.0097158665689611,-0.002098257065611
74,0.1274492514288432,0.1255193677711678,-0.0019298836576754075
28,0.0070925553319919,0.005252501347638,-0.0018400539843539
188,0.3961866491362042,0.3952499315547319,-0.0009367175814722906
71,0.0415379797198324,0.0408280093187218,-0.0007099704011106003
22,0.0010111223458038,0.0009596928982725,-5.1429447531300076e-05
31,0.0007407407407407,0.0007272727272727,-1.3468013468000031e-05
44,0.0017677947989938,0.0017623279246439,-5.466874349899968e-06
172,0.6791666666666667,0.6791666666666667,0.0
93,0.5,0.5,0.0
19,0.0160069429481804,0.0161888679982588,0.00018192505007840268
124,0.0044113527112782,0.0046017014418866,0.00019034873060840007
158,0.2295863111968615,0.229829598989258,0.0002432877923965182
216,0.0018726591760299,0.0027247956403269,0.000852136464297
13,0.0036216248704628,0.0046272091572128,0.0010055842867500004
83,0.259427509657931,0.2608609013165834,0.0014333916586524165
199,0.1243462886788691,0.1260837825696316,0.0017374938907624982
225,0.066471130706631,0.0684702749755954,0.0019991442689644007
139,0.0069508301428345,0.0093949556622034,0.0024441255193688996
79,0.0514203657752044,0.053937628928528,0.0025172631533235956
2,0.1961629943535446,0.1989844763322376,0.0028214819786930023
9,0.022437971952535,0.0253078371722439,0.0028698652197088996
147,0.2703111442588772,0.2738260499719969,0.003514905713119687
175,0.0534160505819535,0.0571944196944197,0.0037783691124661997
194,0.168930568499534,0.1730765149882797,0.004145946488745694
55,0.2449699572887978,0.2492349677036492,0.004265010414851389
103,0.0057241379310344,0.0125443262411347,0.0068201883101003
109,0.0289968116090278,0.0365166015261399,0.007519789917112097
38,0.0455144376909656,0.053434878267154,0.007920440576188396
20,0.5067896018047074,0.5150376857257591,0.008248083921051697
11,0.164846473670003,0.1731081410658875,0.00826166739588452
89,0.1511267306473564,0.1600053637882585,0.008878633140902092
215,0.0480549199084668,0.0569800569800569,0.008925137071590095
195,0.0646229936543486,0.0747987927565392,0.010175799102190589
113,0.1609033321763276,0.1711983577110598,0.010295025534732188
176,0.0848499888049281,0.0954661699292444,0.010616181124316296
185,0.8180962555962554,0.8296957671957671,0.01159951159951167
151,0.0204603016612889,0.0326342982886539,0.012173996627365
51,0.5538567467070019,0.5667446813805804,0.012887934673578516
56,0.1076219721022776,0.1208449400414265,0.0132229679391489
138,0.1149068322981366,0.1285714285714286,0.013664596273291987
98,0.0163899953417287,0.0326336132836217,0.016243617941893003
181,0.2517893186102042,0.2689941737199713,0.017204855109767103
27,0.0646003008291143,0.0822953865807275,0.0176950857516132
29,0.3447380510085436,0.3632918050539684,0.01855375404542481
213,0.5673954891713875,0.5862221655102453,0.018826676338857817
119,0.0714285714285714,0.0909090909090909,0.0194805194805195
105,0.4251372549019607,0.4446666666666666,0.019529411764705906
63,0.0373765325339175,0.0575351935646053,0.0201586610306878
47,0.3179223469068479,0.3383695503062799,0.020447203399432012
203,0.1008874800710459,0.1217008753099886,0.020813395238942697
142,0.0625,0.0833333333333333,0.0208333333333333
100,0.2156305923002714,0.2366081673470689,0.02097757504679751
108,0.7428880643166356,0.7640288283145426,0.021140763997906986
131,0.2429574781548465,0.26519483558001,0.0222373574251635
189,0.0671882482459769,0.0899082856517003,0.022720037405723398
166,0.0257544119462013,0.0493212857357892,0.0235668737895879
156,0.5398830645524039,0.5638907893507528,0.024007724798348895
50,0.07647854542014,0.1018139118580329,0.0253353664378929
53,0.2338865899755235,0.2611159376014485,0.02722934762592502
107,0.2661433804290947,0.2952355319431491,0.02909215151405442
198,0.4839080459770114,0.514066301703163,0.030158255726151606
48,0.1354871195106427,0.1662003247677843,0.03071320525714158
46,0.2772459280818804,0.3082989679120958,0.0310530398302154
70,0.0532882027909686,0.0866828704659807,0.03339466767501209
140,0.1115742877148701,0.1451416751660521,0.033567387451181985
220,0.1751261255338977,0.2100917763655758,0.0349656508316781
73,0.3190438336371267,0.3543629239157836,0.03531909027865693
12,0.1000335216053634,0.1367056129735894,0.03667209136822601
223,0.5510141987829614,0.5888888888888889,0.03787469010592748
54,0.0923242913941695,0.1313752972514251,0.0390510058572556
192,0.4702380952380952,0.5104166666666666,0.04017857142857145
68,0.0880191104498303,0.1282974259607654,0.04027831551093511
201,0.3058323500088447,0.3467668962592526,0.04093454625040793
76,0.203456992358814,0.2472101180240362,0.04375312566522219
129,0.3067522963480354,0.3508392625918786,0.04408696624384317
184,0.1977694353905212,0.2435771978138399,0.045807762423318715
165,0.45,0.5,0.04999999999999999
91,0.3028684069934672,0.353799802232977,0.05093139523950985
40,0.0709967457458237,0.1223334013038355,0.05133665555801181
214,0.1142416520399564,0.1656634746922024,0.05142182265224601
115,0.0163972773448644,0.067978466853815,0.0515811895089506
112,0.2794117647058823,0.3333333333333333,0.05392156862745101
149,0.3469095545908938,0.4010680303906835,0.05415847579978972
171,0.5499999999999999,0.6055555555555555,0.05555555555555558
153,0.2247549281103429,0.2807190079401821,0.055964079829839225
104,0.0454908424062012,0.1019664814121576,0.056475639005956396
126,0.1655266152937874,0.2236490621709797,0.05812244687719231
134,0.2121212121212121,0.2708333333333333,0.058712121212121215
187,0.2287144611091298,0.2891753497866173,0.0604608886774875
72,0.0896237015269529,0.1510621894098946,0.061438487882941706
162,0.2063140131297927,0.2680099449710482,0.06169593184125549
217,0.1617945801818775,0.2269354440492557,0.06514086386737819
218,0.1813732245516665,0.250611409167753,0.0692381846160865
33,0.3768115942028985,0.4477124183006535,0.070900824097755
96,0.280192946087229,0.3545281267639532,0.07433518067672418
224,0.1410530120724876,0.2157637886804553,0.07471077660796768
169,0.1745361781076067,0.2537379816791581,0.07920180357155143
7,0.1782635024549918,0.25879098212019,0.08052747966519821
160,0.0373050880910368,0.1199354317998386,0.08263034370880179
132,0.6513189732789104,0.7345186187766832,0.08319964549777281
97,0.1181122676098483,0.2021288188568484,0.08401655124700011
78,0.4909090909090909,0.5777777777777777,0.08686868686868682
164,0.4350370734217634,0.5280643738977072,0.09302730047594382
200,0.3207282913165266,0.4166666666666667,0.0959383753501401
222,0.678863802536369,0.7771475012854325,0.09828369874906351
122,0.1959603742296646,0.2944780459239202,0.09851767169425557
84,0.2744621688748503,0.3731565160501736,0.09869434717532327
170,0.3866193260930102,0.4924073827292111,0.10578805663620089
190,0.3153821616979512,0.4227761485826001,0.1073939868846489
133,0.1277574971794038,0.2411430813686453,0.1133855841892415
180,0.3469387755102041,0.4676190476190475,0.12068027210884341
182,0.45,0.5833333333333333,0.13333333333333325
161,0.3985561292790209,0.5374564794253914,0.13890035014637053
208,0.2058978041008152,0.3469038897610326,0.14100608566021738
193,0.6892179636082074,0.8316411649744982,0.14242320136629083
106,0.3112327857972457,0.4561224489795918,0.14488966318234608
179,0.3625277833905839,0.5173298650168728,0.15480208162628895
64,0.3611111111111111,0.5256410256410257,0.16452991452991456
143,0.5,0.6666666666666666,0.16666666666666663
5,0.1583853238265003,0.3287414965986395,0.17035617277213919
25,0.5132130410043032,0.6928919802926765,0.1796789392883733
141,0.2767649404259311,0.4583219068513186,0.1815569664253875
206,0.0611010965900555,0.2800556821057959,0.2189545855157404
118,0.1203703703703703,0.3470319634703196,0.22666159309994932
85,0.018725048226084,0.2644128928066752,0.24568784458059117
18,0.1079585178280121,0.3566508458074723,0.24869232797946023
154,0.5833333333333333,0.8333333333333333,0.25
150,0.5833333333333333,0.8333333333333333,0.25
136,0.1184371184371184,0.4102564102564102,0.2918192918192918
15,0.7,1.0,0.30000000000000004
36,0.1688500727802037,0.5028490028490028,0.3339989300687991
205,0.35,0.7,0.35
173,0.5833333333333333,1.0,0.41666666666666674
81,0.2678571428571428,0.8333333333333333,0.5654761904761905
167,0.1079545454545454,0.75,0.6420454545454546
